path	bytes	mtime_ns	sha256
coordinated_manifest.ndjson	4135	1784432184227553470	a30dcc71dc4cd24ddb65a8c983edde2fcc3bb6f6ff7daffdab263c38be8bdfe6
eg4/capture_config.yaml	320	1784355687572696156	40417b1879098dcb7b72bc6841d042f6c3c6061052b0d883f03066afd6c0c80d
eg4/collector.log	114800	1784432183015612042	be637afaa1e2fefbf9a0e85684e0aa57381a5e670c7cba3e682661735ca1f765
eg4/eg4_capture.sqlite	647168	1784431424329281543	153070c4a8488d9b3c8719be68f2aedbf065ab25b84df7adafb71d3692975fb8
eg4/evidence/20260718_012128/day_multiline_44830P0125_20260718_012128.json	6188	1784355689105622715	a49ffe49d678809f2f9f73f1842547e698b0248c14ec1d1d1b0c0dbe31022854
eg4/evidence/20260718_012128/energy_info_44830P0125_20260718_012128.json	1572	1784355689008627360	b296660bf79fd4df5eaf62cc77f2408e3e788423252d4861ef46aa5bd5b3244a
eg4/evidence/20260718_012128/login_metadata.json	320	1784355688802637229	58b08ceb6ecc6272808ee44d608e52901cd615771f09c4576fcf2eca3eeacc9d
eg4/evidence/20260718_012128/month_column_44830P0125_20260718_012128.json	10483	1784355689202618067	980973e367670bae2766da2544e1147d300c12423d77f4ab0bfc165963600f05
eg4/evidence/20260718_012128/runtime_44830P0125_20260718_012128.json	1887	1784355688918631672	859974326cfc9e8a7fc37d35157b7f875dc0c70c37e49ff440ff356643d389f2
eg4/evidence/20260718_013629/day_multiline_44830P0125_20260718_013629.json	7414	1784356590647429442	c4010ee984a30565d323c37d4d1b53ef1bf8ebffb37b8a311af04305f2bdf8c9
eg4/evidence/20260718_013629/energy_info_44830P0125_20260718_013629.json	1572	1784356590545434329	3d1418f1fbeb019a95bf4ea75224c9462dfd940f8ff99d1562f6ce75f7a3802b
eg4/evidence/20260718_013629/login_metadata.json	320	1784356590335444389	58b08ceb6ecc6272808ee44d608e52901cd615771f09c4576fcf2eca3eeacc9d
eg4/evidence/20260718_013629/month_column_44830P0125_20260718_013629.json	10483	1784356590735425226	980973e367670bae2766da2544e1147d300c12423d77f4ab0bfc165963600f05
eg4/evidence/20260718_013629/runtime_44830P0125_20260718_013629.json	1887	1784356590437439504	52512102149211e969520c9cf7ecc0d4182db865be6bfa87c4f5bd9d990b0933
eg4/evidence/20260718_015131/day_multiline_44830P0125_20260718_015131.json	8335	1784357492031248877	6bc71b54855422789bd1f12b9ee93733d4cd85a376af6fbc5c61742c41bb643c
eg4/evidence/20260718_015131/energy_info_44830P0125_20260718_015131.json	1574	1784357491935253476	fa8718284184283cce9642a99847767e92e6f02b24270d5d37e3d7edcc3d8887
eg4/evidence/20260718_015131/login_metadata.json	320	1784357491767261523	58b08ceb6ecc6272808ee44d608e52901cd615771f09c4576fcf2eca3eeacc9d
eg4/evidence/20260718_015131/month_column_44830P0125_20260718_015131.json	10483	1784357492127244280	f5f6fd761897fbd29a9fa6753dddfa9f6db846bfdf470cb63e9335dea291a55a
eg4/evidence/20260718_015131/runtime_44830P0125_20260718_015131.json	1887	1784357491847257694	bbcbdcbc6633518d4bf39ebceab03df2517304c51977568efd1e47c1ee7f06a9
eg4/evidence/20260718_020632/day_multiline_44830P0125_20260718_020632.json	9559	1784358393463082061	38590b3eda2f059c71e3387dfcf34b169de23bb0417a6e3d6aca6ab3ecf437ae
eg4/evidence/20260718_020632/energy_info_44830P0125_20260718_020632.json	1572	1784358393374086322	6583e5505f1d8734c6ec49628507b7cb875ed29088938e9b88b941912925f28f
eg4/evidence/20260718_020632/login_metadata.json	320	1784358393207094317	58b08ceb6ecc6272808ee44d608e52901cd615771f09c4576fcf2eca3eeacc9d
eg4/evidence/20260718_020632/month_column_44830P0125_20260718_020632.json	10483	1784358393531078806	f5f6fd761897fbd29a9fa6753dddfa9f6db846bfdf470cb63e9335dea291a55a
eg4/evidence/20260718_020632/runtime_44830P0125_20260718_020632.json	1887	1784358393290090344	82eed3c985770a5bdf862feb6075368763dbf51feeedaeeafa9b2dd429d02064
eg4/evidence/20260718_022134/day_multiline_44830P0125_20260718_022134.json	10786	1784359295061905797	644729ee671f20a6596a5a4831b0388b555b1ae1c72a14d17986ecfde6a9bdc0
eg4/evidence/20260718_022134/energy_info_44830P0125_20260718_022134.json	1572	1784359294956910827	829c7607a65bd54f6cd0420b432a783a165809cf9d7301f2907fe4a95e9455ed
eg4/evidence/20260718_022134/login_metadata.json	320	1784359294753920550	58b08ceb6ecc6272808ee44d608e52901cd615771f09c4576fcf2eca3eeacc9d
eg4/evidence/20260718_022134/month_column_44830P0125_20260718_022134.json	10483	1784359295141901966	f5f6fd761897fbd29a9fa6753dddfa9f6db846bfdf470cb63e9335dea291a55a
eg4/evidence/20260718_022134/runtime_44830P0125_20260718_022134.json	1887	1784359294849915951	4e1b85014843a436f89b884182f25548324e1c9a882b3de26d20a158f27ca4f1
eg4/evidence/20260718_023635/day_multiline_44830P0125_20260718_023635.json	12010	1784360196517765770	40338f7c14168febc9e59b83e13f68e25d9f7b2311145bd7d48b71f30fb7d1e3
eg4/evidence/20260718_023635/energy_info_44830P0125_20260718_023635.json	1574	1784360196432769830	583019cc8195fc46504f91c2fee6fc6287bbe54d9f82c76ed58f45908a2e195d
eg4/evidence/20260718_023635/login_metadata.json	320	1784360196277777235	58b08ceb6ecc6272808ee44d608e52901cd615771f09c4576fcf2eca3eeacc9d
eg4/evidence/20260718_023635/month_column_44830P0125_20260718_023635.json	10483	1784360196601761757	8fb2606448c595eeb914725f9a90fba8c256bebd22bf0c765138e22bb046a894
eg4/evidence/20260718_023635/runtime_44830P0125_20260718_023635.json	1884	1784360196356773460	f3f6ab56305ab71b67b2ed5d2ab3f578fe8af0269fa4874487a74f929b21f8b5
eg4/evidence/20260718_025137/day_multiline_44830P0125_20260718_025137.json	12929	1784361097935685980	1d8599397dfd7222931d3ca39cd7b8c09845347712f78737dd039dedecefecd9
eg4/evidence/20260718_025137/energy_info_44830P0125_20260718_025137.json	1574	1784361097846690243	c798b03e416f714fd3121358c3de962dbf64b34c22b1b3fecbd384f1e984007c
eg4/evidence/20260718_025137/login_metadata.json	320	1784361097683698050	58b08ceb6ecc6272808ee44d608e52901cd615771f09c4576fcf2eca3eeacc9d
eg4/evidence/20260718_025137/month_column_44830P0125_20260718_025137.json	10483	1784361098030681430	594d253b4a8f9c6d3474b89393b719055c2860f96f607653c8c1955ab6741480
eg4/evidence/20260718_025137/runtime_44830P0125_20260718_025137.json	1887	1784361097766694074	9fa145a6ad00736fc04d5f2ef72f507a6f0dca898ca49ba685623a854d65048e
eg4/evidence/20260718_030638/day_multiline_44830P0125_20260718_030638.json	14146	1784361999658496522	c0a67ecc53c8ae78070e484eb7b5f71b7bf855c4bfa66e2aa7daeab1c31a5eeb
eg4/evidence/20260718_030638/energy_info_44830P0125_20260718_030638.json	1574	1784361999545501931	568d15b1f376481c319be16cd8c4fa9e64e11682973f64ba07a9dc974b396e8d
eg4/evidence/20260718_030638/login_metadata.json	320	1784361999354511075	58b08ceb6ecc6272808ee44d608e52901cd615771f09c4576fcf2eca3eeacc9d
eg4/evidence/20260718_030638/month_column_44830P0125_20260718_030638.json	10483	1784361999757491783	594d253b4a8f9c6d3474b89393b719055c2860f96f607653c8c1955ab6741480
eg4/evidence/20260718_030638/runtime_44830P0125_20260718_030638.json	1884	1784361999453506336	d5f0b4ae5a13b7bb266be5f9d0a2d6bf0930cfff88da023cdc50ae0151279210
eg4/evidence/20260718_032140/day_multiline_44830P0125_20260718_032140.json	15364	1784362901116339032	1ff8cfc7dc4b4f21c8714e061daa9141e2f58783204698af2467fbc930a7fb4f
eg4/evidence/20260718_032140/energy_info_44830P0125_20260718_032140.json	1574	1784362901007344252	612a97fbddecea34e13e8fc4296302f9bef90a5fb24be3f6d6c8330f804d3322
eg4/evidence/20260718_032140/login_metadata.json	320	1784362900792354545	58b08ceb6ecc6272808ee44d608e52901cd615771f09c4576fcf2eca3eeacc9d
eg4/evidence/20260718_032140/month_column_44830P0125_20260718_032140.json	10483	1784362901227333720	594d253b4a8f9c6d3474b89393b719055c2860f96f607653c8c1955ab6741480
eg4/evidence/20260718_032140/runtime_44830P0125_20260718_032140.json	1886	1784362900904349182	cec88a810b53274c05e5cedf3df6172df54e771063ab151e2232f8f285e19cf3
eg4/evidence/20260718_033641/day_multiline_44830P0125_20260718_033641.json	16582	1784363802664147612	77f57e095036ef90d24d095c0fe0e47db8b4dbad414dc9e9ceb0dc82da830cd6
eg4/evidence/20260718_033641/energy_info_44830P0125_20260718_033641.json	1574	1784363802546153265	700b594887e96b382e85eb93bdcb7ee14b9be2ed37fc0d28ac2e5c5f3a0030ae
eg4/evidence/20260718_033641/login_metadata.json	320	1784363802349162703	58b08ceb6ecc6272808ee44d608e52901cd615771f09c4576fcf2eca3eeacc9d
eg4/evidence/20260718_033641/month_column_44830P0125_20260718_033641.json	10483	1784363802787141720	25bcf74607781fdf71617f5dbe7bc90f1084092bfe6165d3bbdea0b4f65f91fc
eg4/evidence/20260718_033641/runtime_44830P0125_20260718_033641.json	1886	1784363802445158105	ddc88eaa164d3f7c30e70b533398d066a087ed24c7b3de0d454888130990645d
eg4/evidence/20260718_035143/day_multiline_44830P0125_20260718_035143.json	17500	1784364704076960228	201abe815fe6a837674e1c39fe42ca647ae7c0b466c4c432a93522ab7f7f20ef
eg4/evidence/20260718_035143/energy_info_44830P0125_20260718_035143.json	1574	1784364703990964348	930c64dd72463dc2062ec61e55d8379e792cf0307de8cdd68a41645704236941
eg4/evidence/20260718_035143/login_metadata.json	320	1784364703791973883	58b08ceb6ecc6272808ee44d608e52901cd615771f09c4576fcf2eca3eeacc9d
eg4/evidence/20260718_035143/month_column_44830P0125_20260718_035143.json	10483	1784364704163956060	f8d7c432e11fc930a8f2e2d6f2ccaf8d5136158184885e244849c5f705fbf462
eg4/evidence/20260718_035143/runtime_44830P0125_20260718_035143.json	1884	1784364703883969474	da3b11d246fab0a75b2bdcadb2633c8d3e1652b0634e74422aab91cdc3842823
eg4/evidence/20260718_040644/day_multiline_44830P0125_20260718_040644.json	18719	1784365605482773421	08eac5b3aaa268c995bc402b255b745668a1e457a3439862574862ba434538c0
eg4/evidence/20260718_040644/energy_info_44830P0125_20260718_040644.json	1574	1784365605389777878	f57251894f2bcab20fbf5638cf34b219c08ef1b6a14643d7f3cd201a614de4ff
eg4/evidence/20260718_040644/login_metadata.json	320	1784365605222785879	58b08ceb6ecc6272808ee44d608e52901cd615771f09c4576fcf2eca3eeacc9d
eg4/evidence/20260718_040644/month_column_44830P0125_20260718_040644.json	10483	1784365605578768825	25bcf74607781fdf71617f5dbe7bc90f1084092bfe6165d3bbdea0b4f65f91fc
eg4/evidence/20260718_040644/runtime_44830P0125_20260718_040644.json	1887	1784365605309781710	1974f08629e411c4c5afa9824661b58d3f48c6b6d57944902e17d9d767edb29a
eg4/evidence/20260718_042146/day_multiline_44830P0125_20260718_042146.json	19942	1784366507121576505	096689203f007fdb3f115956cd992b1c731788247f9521e38aef2bcc5a835121
eg4/evidence/20260718_042146/energy_info_44830P0125_20260718_042146.json	1574	1784366507027581008	cada952da1d1f17eabca6c9dc393693ad993d7c0ee8b4f6ca66fa8aa9479ef74
eg4/evidence/20260718_042146/login_metadata.json	320	1784366506843589823	58b08ceb6ecc6272808ee44d608e52901cd615771f09c4576fcf2eca3eeacc9d
eg4/evidence/20260718_042146/month_column_44830P0125_20260718_042146.json	10483	1784366507219571810	25bcf74607781fdf71617f5dbe7bc90f1084092bfe6165d3bbdea0b4f65f91fc
eg4/evidence/20260718_042146/runtime_44830P0125_20260718_042146.json	1884	1784366506932585559	4fe4b3c8358332fced25b79ca0f1b56eec177acbd0e6ee0b237b83bf233e4f8e
eg4/evidence/20260718_043647/day_multiline_44830P0125_20260718_043647.json	21165	1784367408609385340	7c089e2ca5b3e43ff422d2b3987068a1a3cbef82ede52820786b5031548ae699
eg4/evidence/20260718_043647/energy_info_44830P0125_20260718_043647.json	1574	1784367408396395545	bcc426beba719202296282bdc5a13c166b7afcfcbfe9a50ce34b211671ef73b3
eg4/evidence/20260718_043647/login_metadata.json	320	1784367408216404171	58b08ceb6ecc6272808ee44d608e52901cd615771f09c4576fcf2eca3eeacc9d
eg4/evidence/20260718_043647/month_column_44830P0125_20260718_043647.json	10483	1784367408700380979	dfde32760529e939d62ce3c4c36b3e037522f994b1599af8cf5f9a5e2cb5f5ff
eg4/evidence/20260718_043647/runtime_44830P0125_20260718_043647.json	1886	1784367408307399810	eb98150755b918b239514ce835e5cae7a9e5a46cebd6858a8a7955a59d550d02
eg4/evidence/20260718_045149/day_multiline_44830P0125_20260718_045149.json	22080	1784368310091188893	2ee9dd8f813fe1347b14ef578cc4738ef750d51ebcbb30d91dd97b7db0d6568e
eg4/evidence/20260718_045149/energy_info_44830P0125_20260718_045149.json	1574	1784368309990193733	595369ca81cf44416a59eebedb594f5e02292db3ca262bc15a843341b41dfaa9
eg4/evidence/20260718_045149/login_metadata.json	320	1784368309802202740	58b08ceb6ecc6272808ee44d608e52901cd615771f09c4576fcf2eca3eeacc9d
eg4/evidence/20260718_045149/month_column_44830P0125_20260718_045149.json	10483	1784368310202183575	19f6df2a6a709fae47d0d951f432510d1740ffdcf2a8e3f0311c6f54cc85e8fa
eg4/evidence/20260718_045149/runtime_44830P0125_20260718_045149.json	1884	1784368309898198140	779992f98e1d1504deb848ae39c51ad135644be0f2d8f6dc6986c0821f14e26d
eg4/evidence/20260718_050650/day_multiline_44830P0125_20260718_050650.json	23301	1784369211623990148	93f9781c82236cc597204600840b539e02c75710505a389d9bd1d882756e73ff
eg4/evidence/20260718_050650/energy_info_44830P0125_20260718_050650.json	1572	1784369211522994991	9d8e85243c207fa9ecfbe8373e747ab7db18589df4428726ef245fa802700e30
eg4/evidence/20260718_050650/login_metadata.json	320	1784369211323004576	58b08ceb6ecc6272808ee44d608e52901cd615771f09c4576fcf2eca3eeacc9d
eg4/evidence/20260718_050650/month_column_44830P0125_20260718_050650.json	10483	1784369211710985979	dfde32760529e939d62ce3c4c36b3e037522f994b1599af8cf5f9a5e2cb5f5ff
eg4/evidence/20260718_050650/runtime_44830P0125_20260718_050650.json	1884	1784369211422999783	30bfc6a7c4bee488253a502943687d6a5529720db0be3d78530ab50ebaa2209b
eg4/evidence/20260718_052152/day_multiline_44830P0125_20260718_052152.json	24521	1784370113047783198	7e77c541742a669c25acca41fbe259e8b8b5eb1222792cd08ca7970f1ea88d90
eg4/evidence/20260718_052152/energy_info_44830P0125_20260718_052152.json	1572	1784370112945788090	2c83ddb60b27c6b4e3117a83385a4d9c83eb6d7811a976e3eac90f5e4f7dba33
eg4/evidence/20260718_052152/login_metadata.json	320	1784370112770796477	58b08ceb6ecc6272808ee44d608e52901cd615771f09c4576fcf2eca3eeacc9d
eg4/evidence/20260718_052152/month_column_44830P0125_20260718_052152.json	10483	1784370113130779220	dfde32760529e939d62ce3c4c36b3e037522f994b1599af8cf5f9a5e2cb5f5ff
eg4/evidence/20260718_052152/runtime_44830P0125_20260718_052152.json	1886	1784370112857792308	f78a053d4d774a2bc354d64cdc71af8f8b5eb10f53ff64209a6ef991b9c353fb
eg4/evidence/20260718_053653/day_multiline_44830P0125_20260718_053653.json	25743	1784371014703538982	fb2c0bbeecadbadb08d74a69cee17104be3b3823600b647a9133e3424319b129
eg4/evidence/20260718_053653/energy_info_44830P0125_20260718_053653.json	1574	1784371014573545216	250493aa0b2327c51e27c9edd2b9d5cec29828adc508ec5db28eca90f7f96a3e
eg4/evidence/20260718_053653/login_metadata.json	320	1784371014382554378	58b08ceb6ecc6272808ee44d608e52901cd615771f09c4576fcf2eca3eeacc9d
eg4/evidence/20260718_053653/month_column_44830P0125_20260718_053653.json	10483	1784371014797534473	19f6df2a6a709fae47d0d951f432510d1740ffdcf2a8e3f0311c6f54cc85e8fa
eg4/evidence/20260718_053653/runtime_44830P0125_20260718_053653.json	1884	1784371014472550062	c13cdf7d0f169969975a68794528b3e0133c2768f2fd01b5279dfc74801bdc4e
eg4/evidence/20260718_055155/day_multiline_44830P0125_20260718_055155.json	26660	1784371916153316181	ce48453a56695b339d155674a1558c7fc4303e05b3f413856c717dacb0d92875
eg4/evidence/20260718_055155/energy_info_44830P0125_20260718_055155.json	1572	1784371916044321406	20ca986b633af8173748f0ca3b62a29afc176d6b7b4c826c2f048ef8ffbaff71
eg4/evidence/20260718_055155/login_metadata.json	320	1784371915854330514	58b08ceb6ecc6272808ee44d608e52901cd615771f09c4576fcf2eca3eeacc9d
eg4/evidence/20260718_055155/month_column_44830P0125_20260718_055155.json	10483	1784371916247311674	7addd66a615345070cbf69110e6c6107c4a00195f8ed6b6ed5328bab25e31af3
eg4/evidence/20260718_055155/runtime_44830P0125_20260718_055155.json	1887	1784371915954325720	ae99f42f8b907efad6d3eeb57047cc8120056e86c7ad9389d8042242a0d29885
eg4/evidence/20260718_060656/day_multiline_44830P0125_20260718_060656.json	27882	1784372817689097145	cea71732981fe334aa5834497624ab60b02bd8be906d35ef2e7aa9613d6fac8b
eg4/evidence/20260718_060656/energy_info_44830P0125_20260718_060656.json	1572	1784372817592101794	1b9259d76948320ad7542647e6a693403a301242a6932fc105554c7c86f34a08
eg4/evidence/20260718_060656/login_metadata.json	320	1784372817396111190	58b08ceb6ecc6272808ee44d608e52901cd615771f09c4576fcf2eca3eeacc9d
eg4/evidence/20260718_060656/month_column_44830P0125_20260718_060656.json	10483	1784372817788092399	02a754ee26cff86dbed2cf8edcff287331255458a48554a903a16443a351938f
eg4/evidence/20260718_060656/runtime_44830P0125_20260718_060656.json	1884	1784372817492106586	5b138234eb5ce6a8f27d2ab462c8a6e282e1e32d55032c61215b6c5bd3143b6c
eg4/evidence/20260718_062158/day_multiline_44830P0125_20260718_062158.json	29104	1784373719075893230	f7771648bc66b650a7807c3bd802b62a65d8c1f94021b5f2504816d733e8f65d
eg4/evidence/20260718_062158/energy_info_44830P0125_20260718_062158.json	1570	1784373718985897543	269009f5f13c24746b986c808aec931053b531a66d6128d26091e95bedabf850
eg4/evidence/20260718_062158/login_metadata.json	320	1784373718798906504	58b08ceb6ecc6272808ee44d608e52901cd615771f09c4576fcf2eca3eeacc9d
eg4/evidence/20260718_062158/month_column_44830P0125_20260718_062158.json	10483	1784373719170888677	7addd66a615345070cbf69110e6c6107c4a00195f8ed6b6ed5328bab25e31af3
eg4/evidence/20260718_062158/runtime_44830P0125_20260718_062158.json	1886	1784373718890902095	5fa51fd75eea2a3fb456659d118ab786422f655a966a06ed997cbc85e025e518
eg4/evidence/20260718_063659/day_multiline_44830P0125_20260718_063659.json	30021	1784374620513695464	641f912e7404ba1a63fe14db0c46ca72544fadc24c6030621fbb19625b57b86a
eg4/evidence/20260718_063659/energy_info_44830P0125_20260718_063659.json	1574	1784374620411700352	d14c6b80f2f8cb154920aa094d4bb919f38499c4297d6ee0a4c000177792c233
eg4/evidence/20260718_063659/login_metadata.json	320	1784374620248708164	58b08ceb6ecc6272808ee44d608e52901cd615771f09c4576fcf2eca3eeacc9d
eg4/evidence/20260718_063659/month_column_44830P0125_20260718_063659.json	10483	1784374620607690961	7addd66a615345070cbf69110e6c6107c4a00195f8ed6b6ed5328bab25e31af3
eg4/evidence/20260718_063659/runtime_44830P0125_20260718_063659.json	1891	1784374620323704569	7b5ac06a35f5782647773ceb2201a491bac4bed48791e3de50fa0d04ab6178f1
eg4/evidence/20260718_065201/day_multiline_44830P0125_20260718_065201.json	31244	1784375522099486914	a5b6422af68d0e1ded846684173ef9d4f4c5042f99d524fe88f3f4d18bc83a54
eg4/evidence/20260718_065201/energy_info_44830P0125_20260718_065201.json	1574	1784375521993491996	d79c38d9d237f4d45ad65e8e20a7825b92521dc3578b33d818699e3b4ddf407b
eg4/evidence/20260718_065201/login_metadata.json	320	1784375521814500577	58b08ceb6ecc6272808ee44d608e52901cd615771f09c4576fcf2eca3eeacc9d
eg4/evidence/20260718_065201/month_column_44830P0125_20260718_065201.json	10483	1784375522190482550	02a754ee26cff86dbed2cf8edcff287331255458a48554a903a16443a351938f
eg4/evidence/20260718_065201/runtime_44830P0125_20260718_065201.json	1891	1784375521913495830	55ff2f3f7470db6bbd19b8f6e8de6d2de1822c1e841204693a20517090ef6088
eg4/evidence/20260718_070702/day_multiline_44830P0125_20260718_070702.json	32466	1784376423637267290	60866a59b6b37562803d364ecc660b17e63a313ad5a62dfdf361ba5da87fac85
eg4/evidence/20260718_070702/energy_info_44830P0125_20260718_070702.json	1574	1784376423540271942	b3f7bd8d837991deb0e1b8a2bbd41b2a64d5dd07e209c9c9bdf62df64499a64b
eg4/evidence/20260718_070702/login_metadata.json	320	1784376423342281433	58b08ceb6ecc6272808ee44d608e52901cd615771f09c4576fcf2eca3eeacc9d
eg4/evidence/20260718_070702/month_column_44830P0125_20260718_070702.json	10483	1784376423744262162	57b188969ded727ec2d5521e1aaf8351564ca030a20a75344a6e8d1888d48543
eg4/evidence/20260718_070702/runtime_44830P0125_20260718_070702.json	1893	1784376423433277071	6ec5439ce0b394a544c7ef2f3a3058cf24e23577d2fbc7207309dd51f3b86d83
eg4/evidence/20260718_072204/day_multiline_44830P0125_20260718_072204.json	33687	1784377325011018705	f1cea446dcbd73eaa5428461c9c5d18a0a8a028e0a6b11ceb8ce000810b4305c
eg4/evidence/20260718_072204/energy_info_44830P0125_20260718_072204.json	1572	1784377324917023215	317640f56df796f7d534c826949120e501233749f2775bbc590bdf6e9f66a6f1
eg4/evidence/20260718_072204/login_metadata.json	320	1784377324750031227	58b08ceb6ecc6272808ee44d608e52901cd615771f09c4576fcf2eca3eeacc9d
eg4/evidence/20260718_072204/month_column_44830P0125_20260718_072204.json	10483	1784377325093014769	57b188969ded727ec2d5521e1aaf8351564ca030a20a75344a6e8d1888d48543
eg4/evidence/20260718_072204/runtime_44830P0125_20260718_072204.json	1891	1784377324837027053	44028de3b5a3ee649de21c421e7965392171c99dc11af9298d5aca95ec2b76c1
eg4/evidence/20260718_073705/day_multiline_44830P0125_20260718_073705.json	34606	1784378226552744963	a41062aa9c5de3d820364f1124f8f6d010ff74cce493608f93a32953fac20ff6
eg4/evidence/20260718_073705/energy_info_44830P0125_20260718_073705.json	1572	1784378226452749764	02bb0ceeaa289ee1a96f5a4d395882fe5e3091ce18dce4d5eb71e88100403fab
eg4/evidence/20260718_073705/login_metadata.json	320	1784378226289757588	58b08ceb6ecc6272808ee44d608e52901cd615771f09c4576fcf2eca3eeacc9d
eg4/evidence/20260718_073705/month_column_44830P0125_20260718_073705.json	10483	1784378226650740259	0f4e8c0b386e9a2d33715fed1527dbce47b224e109ad79c35fc5afd49f9760d6
eg4/evidence/20260718_073705/runtime_44830P0125_20260718_073705.json	1893	1784378226368753796	fa96585fcf37199bb232642877a0a0be403fc179ffc854bececeeb26006109f4
eg4/evidence/20260718_075207/day_multiline_44830P0125_20260718_075207.json	35833	1784379128293468049	0690b54d3dfc401aea65048d7e3ce3dca0640dc8d48764fd4abeda9e2d7eaf26
eg4/evidence/20260718_075207/energy_info_44830P0125_20260718_075207.json	1572	1784379128184473279	c6396970155fdc13282446dd03f8a979c2269f84830e8a057d5f24499e888959
eg4/evidence/20260718_075207/login_metadata.json	320	1784379127955484269	58b08ceb6ecc6272808ee44d608e52901cd615771f09c4576fcf2eca3eeacc9d
eg4/evidence/20260718_075207/month_column_44830P0125_20260718_075207.json	10483	1784379128403462771	57b188969ded727ec2d5521e1aaf8351564ca030a20a75344a6e8d1888d48543
eg4/evidence/20260718_075207/runtime_44830P0125_20260718_075207.json	1893	1784379128066478942	9f734b3baa8feb01fe443d195ae8578e498220cf2dbec8efea564ced377cc2c7
eg4/evidence/20260718_080709/day_multiline_44830P0125_20260718_080709.json	37059	1784380030046200808	ed25bc6b7e707c2437bfb828c0f39ed51266fd0a0bec4ef212e9dc99c0a77850
eg4/evidence/20260718_080709/energy_info_44830P0125_20260718_080709.json	1574	1784380029952205318	e6cc1dc55b44be4165c891511101c1e42670d8d42d90f55cd184614945a135fd
eg4/evidence/20260718_080709/login_metadata.json	320	1784380029782213474	58b08ceb6ecc6272808ee44d608e52901cd615771f09c4576fcf2eca3eeacc9d
eg4/evidence/20260718_080709/month_column_44830P0125_20260718_080709.json	10483	1784380030145196059	c05b762af7f4fd3544439984c3f4f82c0f846e375da3733e943e005f8a583c1f
eg4/evidence/20260718_080709/runtime_44830P0125_20260718_080709.json	1893	1784380029876208964	96bb93a682c87304d098b7b366bcf043e1a9b831152e70dc6d180f8bfc5f141f
eg4/evidence/20260718_082210/day_multiline_44830P0125_20260718_082210.json	38286	1784380931649948141	2a38a7a4fdeb4378f06677d5ddccfde4d24c2a7cebac957c3d7fc9d641cfcf1e
eg4/evidence/20260718_082210/energy_info_44830P0125_20260718_082210.json	1574	1784380931538953465	75f9017d85e816dd5900218ac31e3c472affac1fcc203fb4522a697007a54604
eg4/evidence/20260718_082210/login_metadata.json	320	1784380931351962435	58b08ceb6ecc6272808ee44d608e52901cd615771f09c4576fcf2eca3eeacc9d
eg4/evidence/20260718_082210/month_column_44830P0125_20260718_082210.json	10483	1784380931759942864	0f4e8c0b386e9a2d33715fed1527dbce47b224e109ad79c35fc5afd49f9760d6
eg4/evidence/20260718_082210/runtime_44830P0125_20260718_082210.json	1893	1784380931442958069	5ba67b54e9a1020690787de1779d7eb672a1347bccd04b9d77749f5484d51fc9
eg4/evidence/20260718_083712/day_multiline_44830P0125_20260718_083712.json	39207	1784381833173701275	1bbcfe1e5b22d5cb9c14d3a4f0625e64a3c82c326eea610216f92836e1359216
eg4/evidence/20260718_083712/energy_info_44830P0125_20260718_083712.json	1573	1784381833069706265	61d74c932b247fe0a533883fe01eb5e0c2d4f65444343028579db00c69d7fd35
eg4/evidence/20260718_083712/login_metadata.json	320	1784381832878715428	58b08ceb6ecc6272808ee44d608e52901cd615771f09c4576fcf2eca3eeacc9d
eg4/evidence/20260718_083712/month_column_44830P0125_20260718_083712.json	10483	1784381833283695998	b997694ad4b5bf792f8ac6ca337856b4fe660b5d89293142eddcac48332a3540
eg4/evidence/20260718_083712/runtime_44830P0125_20260718_083712.json	1893	1784381832973710870	16a943dffa3df486423093a1c5ed0e10d9e3dfb1ba3ce3ac8a8ac378e64888fa
eg4/evidence/20260718_085213/day_multiline_44830P0125_20260718_085213.json	40438	1784382734538456574	77f6d3efd25811d6dda0dba5a90ffe6fe586dafff2e39e3503d758a6ed3526e1
eg4/evidence/20260718_085213/energy_info_44830P0125_20260718_085213.json	1575	1784382734444461085	80d0255985fde349e3fcccd37c2b2f452bb99b00cdff3f4dc041ae8f68b792ef
eg4/evidence/20260718_085213/login_metadata.json	320	1784382734271469384	58b08ceb6ecc6272808ee44d608e52901cd615771f09c4576fcf2eca3eeacc9d
eg4/evidence/20260718_085213/month_column_44830P0125_20260718_085213.json	10483	1784382734632452063	81fe24e2f9a3853d1d5a169a3d7a281ac2b8363f4fcf19478de3267929d972ac
eg4/evidence/20260718_085213/runtime_44830P0125_20260718_085213.json	1893	1784382734356465308	bd7ed99f28e7eed9e95cc6ef7be13e7a617661391f7ec7ca8429f598f65d27e5
eg4/evidence/20260718_090715/day_multiline_44830P0125_20260718_090715.json	41668	1784383636031198421	76bbbbe101f0a5cca1f81235f767c03275a815f3e57015a56dd7082994974c3c
eg4/evidence/20260718_090715/energy_info_44830P0125_20260718_090715.json	1575	1784383635939202834	a517c33394b4cba909fe797a9a387ecf6c73a137fbf2af99fedaefb0b9804786
eg4/evidence/20260718_090715/login_metadata.json	320	1784383635776210656	58b08ceb6ecc6272808ee44d608e52901cd615771f09c4576fcf2eca3eeacc9d
eg4/evidence/20260718_090715/month_column_44830P0125_20260718_090715.json	10483	1784383636132193573	b997694ad4b5bf792f8ac6ca337856b4fe660b5d89293142eddcac48332a3540
eg4/evidence/20260718_090715/runtime_44830P0125_20260718_090715.json	1894	1784383635860206625	b611545005b14a9e1ba4b9143e2231d49cfae947cafbc205326ae4363cf39069
eg4/evidence/20260718_092216/day_multiline_44830P0125_20260718_092216.json	42905	1784384537636914222	201a989d7a3bd534473fda9bf319368466b455efc18e2824ef97d16ea0f51622
eg4/evidence/20260718_092216/energy_info_44830P0125_20260718_092216.json	1577	1784384537533919166	a0ed3c2a9aa5d94ab4469b6248be20d8fa71f1fd2ab9a4b9ddf51e0302f49502
eg4/evidence/20260718_092216/login_metadata.json	320	1784384537338928527	58b08ceb6ecc6272808ee44d608e52901cd615771f09c4576fcf2eca3eeacc9d
eg4/evidence/20260718_092216/month_column_44830P0125_20260718_092216.json	10483	1784384537726909901	b997694ad4b5bf792f8ac6ca337856b4fe660b5d89293142eddcac48332a3540
eg4/evidence/20260718_092216/runtime_44830P0125_20260718_092216.json	1891	1784384537438923726	3989b4e39bf3cbbdb5bbb7d2e7ebf9510137773707bf309845b03d59c805602b
eg4/evidence/20260718_093718/day_multiline_44830P0125_20260718_093718.json	43835	1784385439069645371	f978427c21c2b645e54f42d04602d974ebfff25b1ab75fa175bb927bc2158fab
eg4/evidence/20260718_093718/energy_info_44830P0125_20260718_093718.json	1577	1784385438958650698	fa8eeec341195f953180e971d62314eaed3b96858652bda24be7c54004e7938a
eg4/evidence/20260718_093718/login_metadata.json	320	1784385438787658905	58b08ceb6ecc6272808ee44d608e52901cd615771f09c4576fcf2eca3eeacc9d
eg4/evidence/20260718_093718/month_column_44830P0125_20260718_093718.json	10483	1784385439167640668	f3d5ae171cbdff0a1b095fe04e130e50c49725c49c56c0b1fd7e8e7d4cdf73bc
eg4/evidence/20260718_093718/runtime_44830P0125_20260718_093718.json	1896	1784385438866655114	af384bb78725b1121842413b7f0c51ce599646edd2235c4e0d25b549f3b0f5c5
eg4/evidence/20260718_095219/day_multiline_44830P0125_20260718_095219.json	45075	1784386341003360439	b0482f62ed3477afc46ee55eb5adb897cc19c83f05f76e76b659602a7d114768
eg4/evidence/20260718_095219/energy_info_44830P0125_20260718_095219.json	1577	1784386340891365815	46564b177d2b5f3488ffcaa9d0f962163d7566b2aaef79c1ecd9a2f2a846d07b
eg4/evidence/20260718_095219/login_metadata.json	320	1784386340701374931	58b08ceb6ecc6272808ee44d608e52901cd615771f09c4576fcf2eca3eeacc9d
eg4/evidence/20260718_095219/month_column_44830P0125_20260718_095219.json	10483	1784386341128354441	7e7791f78401ce4fc52d1aca23ff7f59308c870cd08c19f2b2142cfaf3fe37c8
eg4/evidence/20260718_095219/runtime_44830P0125_20260718_095219.json	1896	1784386340796370373	3ba3eb517d763eef5d9ca7d515753ef4f9fb79a09d5dc2753347ca8dff601751
eg4/evidence/20260718_100721/day_multiline_44830P0125_20260718_100721.json	46315	1784387242670080408	b578ec0b41a616b1f404a7b453c0845287d5abb78801e154f8aeab49e370ec80
eg4/evidence/20260718_100721/energy_info_44830P0125_20260718_100721.json	1576	1784387242562085593	8a72c58febd7b01a062e845752a296bb0c2e30482c2e4aa321073fbcb37b46e9
eg4/evidence/20260718_100721/login_metadata.json	320	1784387242380094330	58b08ceb6ecc6272808ee44d608e52901cd615771f09c4576fcf2eca3eeacc9d
eg4/evidence/20260718_100721/month_column_44830P0125_20260718_100721.json	10483	1784387242769075654	f3d5ae171cbdff0a1b095fe04e130e50c49725c49c56c0b1fd7e8e7d4cdf73bc
eg4/evidence/20260718_100721/runtime_44830P0125_20260718_100721.json	1896	1784387242481089480	b987d8fd1a2db775cd36d83cb91d5ae69b0497cab906df7b6c3977b3ca7786f6
eg4/evidence/20260718_102223/day_multiline_44830P0125_20260718_102223.json	47560	1784388144363795281	c4b0ffcf0cffef2100ce3021be4d52bf7fbbb6f69a1d7ea404f488ac733778a1
eg4/evidence/20260718_102223/energy_info_44830P0125_20260718_102223.json	1576	1784388144228801759	1b95cce1af75a8fac79db88f9580239e300a14d51e6f7494f1e46ee54e79898f
eg4/evidence/20260718_102223/login_metadata.json	320	1784388143965814381	58b08ceb6ecc6272808ee44d608e52901cd615771f09c4576fcf2eca3eeacc9d
eg4/evidence/20260718_102223/month_column_44830P0125_20260718_102223.json	10484	1784388144509788274	d7bacbc59a5b2c56720a119c921a30cc256d9f268009bf60ac9b1d8dafe5553d
eg4/evidence/20260718_102223/runtime_44830P0125_20260718_102223.json	1897	1784388144096808094	6af28552a85757e5fc1038364de86304ca46015a396b0451f97a7e03e2d6c51a
eg4/evidence/20260718_103725/day_multiline_44830P0125_20260718_103725.json	48495	1784389046082520847	3e7c064a627029ed8145626dc58eddf040fe423aeb0741e8a26e07fa0ebb04f2
eg4/evidence/20260718_103725/energy_info_44830P0125_20260718_103725.json	1578	1784389045984525549	02e4c31257e1e6b654daa12c6f48eb65f6a01707779c2bd224c71cdf9f78e8d9
eg4/evidence/20260718_103725/login_metadata.json	320	1784389045809533944	58b08ceb6ecc6272808ee44d608e52901cd615771f09c4576fcf2eca3eeacc9d
eg4/evidence/20260718_103725/month_column_44830P0125_20260718_103725.json	10483	1784389046172516528	7e7791f78401ce4fc52d1aca23ff7f59308c870cd08c19f2b2142cfaf3fe37c8
eg4/evidence/20260718_103725/runtime_44830P0125_20260718_103725.json	1896	1784389045899529628	acb92a143ef3b6b44ed004fd23379fba647949d2e9ff6f67b5b97f4d7f4c527e
eg4/evidence/20260718_105226/day_multiline_44830P0125_20260718_105226.json	49741	1784389947568264233	dbfdb6259ead66625001d1b98fef56c8559ee6f1c70f00f19f42ce90e2bd3222
eg4/evidence/20260718_105226/energy_info_44830P0125_20260718_105226.json	1576	1784389947469268985	39c3a1f36f1c6279adb08db7fb696e1742abaeacd535f8f1e9903168f8ac9448
eg4/evidence/20260718_105226/login_metadata.json	320	1784389947274278343	58b08ceb6ecc6272808ee44d608e52901cd615771f09c4576fcf2eca3eeacc9d
eg4/evidence/20260718_105226/month_column_44830P0125_20260718_105226.json	10484	1784389947670259337	d7bacbc59a5b2c56720a119c921a30cc256d9f268009bf60ac9b1d8dafe5553d
eg4/evidence/20260718_105226/runtime_44830P0125_20260718_105226.json	1897	1784389947382273160	a04b6e92cd2ec76b876718a4e8b416fc7c26b9d792cc428af8f8885dfebc0369
eg4/evidence/20260718_110728/day_multiline_44830P0125_20260718_110728.json	50980	1784390849044996435	6e19192419bfede62e4893f5948c3c064b29c425c3b2a9dfc026708bc00222d3
eg4/evidence/20260718_110728/energy_info_44830P0125_20260718_110728.json	1576	1784390848945001234	2336440957e9d2e0754dd5e88db4365c799a1c62b92f73df3f7138d49d9d74a3
eg4/evidence/20260718_110728/login_metadata.json	320	1784390848774009441	58b08ceb6ecc6272808ee44d608e52901cd615771f09c4576fcf2eca3eeacc9d
eg4/evidence/20260718_110728/month_column_44830P0125_20260718_110728.json	10484	1784390849141991779	11a3381ddceacdcf3303ceb679f79176290ce762414660d8a4a6c69625dedb56
eg4/evidence/20260718_110728/runtime_44830P0125_20260718_110728.json	1895	1784390848862005216	d96f5e7a1b3d23d3e489f2a3c83eb8da81078fceacf6a94de605fd64180282a4
eg4/evidence/20260718_112229/day_multiline_44830P0125_20260718_112229.json	52220	1784391750634713969	1c02386ef049772def83cd4f9cd091b8d20b471c777ef04225db2a9c939b12d7
eg4/evidence/20260718_112229/energy_info_44830P0125_20260718_112229.json	1580	1784391750531718915	923e5ef79bfbb6467e409f49672f4bb727bf738bee088a4b96a9870293045228
eg4/evidence/20260718_112229/login_metadata.json	320	1784391750357727268	58b08ceb6ecc6272808ee44d608e52901cd615771f09c4576fcf2eca3eeacc9d
eg4/evidence/20260718_112229/month_column_44830P0125_20260718_112229.json	10486	1784391750747708546	163a72a9e5483f87dd6c35791565c9a1367e5500652617428c5dd7cd3e003dd7
eg4/evidence/20260718_112229/runtime_44830P0125_20260718_112229.json	1896	1784391750452722706	8231f0bc3e22364f12645f735005f023062428a851c2f6dd84e935afd07ffb7f
eg4/evidence/20260718_113731/day_multiline_44830P0125_20260718_113731.json	53152	1784392652123449880	28b74dfc2bcd7b8d11ad94028cc167e15fbbf5a278d3ecc83ce0978a4382ff2d
eg4/evidence/20260718_113731/energy_info_44830P0125_20260718_113731.json	1580	1784392652011455254	5cabaa7b5ab6e73a63441aa055ce4559ac38800b7484e0808e915bdb2f98545e
eg4/evidence/20260718_113731/login_metadata.json	320	1784392651832463844	58b08ceb6ecc6272808ee44d608e52901cd615771f09c4576fcf2eca3eeacc9d
eg4/evidence/20260718_113731/month_column_44830P0125_20260718_113731.json	10486	1784392652217445370	163a72a9e5483f87dd6c35791565c9a1367e5500652617428c5dd7cd3e003dd7
eg4/evidence/20260718_113731/runtime_44830P0125_20260718_113731.json	1896	1784392651928459237	a116fe611f30b65aac7ae1f257b36e77b88fb1ade0f68c77dfdb592ba6c8fd90
eg4/evidence/20260718_115232/day_multiline_44830P0125_20260718_115232.json	54397	1784393553567201580	802ca6fca76a8037a90c25dee64ff6405f5bcbda0591b31bb8cdb79a8b515b1d
eg4/evidence/20260718_115232/energy_info_44830P0125_20260718_115232.json	1580	1784393553473206088	2750409848ec1734866e22994b77a0627128b661014a8444c3b97be1f480d1fa
eg4/evidence/20260718_115232/login_metadata.json	320	1784393553307214050	58b08ceb6ecc6272808ee44d608e52901cd615771f09c4576fcf2eca3eeacc9d
eg4/evidence/20260718_115232/month_column_44830P0125_20260718_115232.json	10486	1784393553658197214	513cebe51d0a4aafd96d73dd1b1945e8e1177d83c8fc67d17f87b4bb834e3557
eg4/evidence/20260718_115232/runtime_44830P0125_20260718_115232.json	1896	1784393553393209927	6bbd7f3826939761127fe1d97c9ba73694e85d44649002be786b5637a68201b0
eg4/evidence/20260718_120734/day_multiline_44830P0125_20260718_120734.json	55633	1784394455234895023	9cda177daeb814d177f89759d75a10d0fd713ec6bfa8365fe51bf10ec94ce1c4
eg4/evidence/20260718_120734/energy_info_44830P0125_20260718_120734.json	1578	1784394455119900554	6d96619786622ecbc5d8238b9d5b0e737ca51aeb080406aedfb033245223ba74
eg4/evidence/20260718_120734/login_metadata.json	320	1784394454915910365	58b08ceb6ecc6272808ee44d608e52901cd615771f09c4576fcf2eca3eeacc9d
eg4/evidence/20260718_120734/month_column_44830P0125_20260718_120734.json	10486	1784394455339889973	163a72a9e5483f87dd6c35791565c9a1367e5500652617428c5dd7cd3e003dd7
eg4/evidence/20260718_120734/runtime_44830P0125_20260718_120734.json	1893	1784394455023905171	f5700467ab11317f83cb58afb4e5400081398752e56d9b8a18182c763b5f26a6
eg4/evidence/20260718_122235/day_multiline_44830P0125_20260718_122235.json	56875	1784395356636548988	6729bc29bf0aba7db5da83faa031f65a473f9df62b8f4f56b5b1b8e0d8eb9cd9
eg4/evidence/20260718_122235/energy_info_44830P0125_20260718_122235.json	1578	1784395356527554225	61e87af57c6f4226f40b407ccf6646044f2179af6cc2be06f34b747f0f72ee6d
eg4/evidence/20260718_122235/login_metadata.json	320	1784395356325563936	58b08ceb6ecc6272808ee44d608e52901cd615771f09c4576fcf2eca3eeacc9d
eg4/evidence/20260718_122235/month_column_44830P0125_20260718_122235.json	10486	1784395356740543989	bff0497d9e6b984aa8381051c507952c6b810eaecb74ed4e20947666c7ad8769
eg4/evidence/20260718_122235/runtime_44830P0125_20260718_122235.json	1896	1784395356420559371	cd4243e16827f1d7f836d1f079e3b613f11ff37b9a160cf9b8562b5bcfb78c09
eg4/evidence/20260718_123737/day_multiline_44830P0125_20260718_123737.json	57797	1784396258440201859	a546c3eff7f937c63a5be9d8b8f92de1451d841fb4a48d2d53935481704d0af4
eg4/evidence/20260718_123737/energy_info_44830P0125_20260718_123737.json	1576	1784396258341206617	6b18141994deb4a24de2b128cb69363c021b20c4de1529b40d70c565e201e0a1
eg4/evidence/20260718_123737/login_metadata.json	320	1784396258170214835	58b08ceb6ecc6272808ee44d608e52901cd615771f09c4576fcf2eca3eeacc9d
eg4/evidence/20260718_123737/month_column_44830P0125_20260718_123737.json	10486	1784396258537197199	b323ac297c8caf35bacb65f25e777cb4b963a887d2c0e3a76aac61db47d803f0
eg4/evidence/20260718_123737/runtime_44830P0125_20260718_123737.json	1884	1784396258265210270	18d0d5eb8bf92335a87b7d9309a434ca8a61c67020fbbe9d16ec4ce0875fbe17
eg4/evidence/20260718_125239/day_multiline_44830P0125_20260718_125239.json	59038	1784397160157869443	f0aa82ba5e295c186ae68bb78d83c475f63a931bdefb3b67be329804ccdf0820
eg4/evidence/20260718_125239/energy_info_44830P0125_20260718_125239.json	1576	1784397160046874778	31591e0b47483a04076dd4485836ff3f87cddf798ab36d6979bda38592979af6
eg4/evidence/20260718_125239/login_metadata.json	320	1784397159867883383	58b08ceb6ecc6272808ee44d608e52901cd615771f09c4576fcf2eca3eeacc9d
eg4/evidence/20260718_125239/month_column_44830P0125_20260718_125239.json	10486	1784397160255864733	6926fac9752c2bde9cacf0fbd8adaed6994e5d1b4a2c81def317b5f7eb16267b
eg4/evidence/20260718_125239/runtime_44830P0125_20260718_125239.json	1897	1784397159957879055	bff59c86ef1ede6ecea179e006f19120459c2c40be0d7c867d3483b3c5541857
eg4/evidence/20260718_130740/day_multiline_44830P0125_20260718_130740.json	60283	1784398061761528767	1086ef94996f358dabf6eceb35da8dab3851c5b35c60982aebbeea5f3257ad16
eg4/evidence/20260718_130740/energy_info_44830P0125_20260718_130740.json	1578	1784398061640534582	caf6eb179b8ed84d84097ecbfb2b78b4781363994a446a1740dd6269de8b329d
eg4/evidence/20260718_130740/login_metadata.json	320	1784398061439544244	58b08ceb6ecc6272808ee44d608e52901cd615771f09c4576fcf2eca3eeacc9d
eg4/evidence/20260718_130740/month_column_44830P0125_20260718_130740.json	10486	1784398061860524007	6926fac9752c2bde9cacf0fbd8adaed6994e5d1b4a2c81def317b5f7eb16267b
eg4/evidence/20260718_130740/runtime_44830P0125_20260718_130740.json	1896	1784398061535539630	7c76673907f5db1748c0fb52a9f68912f79f95f6546c3a14427d0005e85e8256
eg4/evidence/20260718_132242/day_multiline_44830P0125_20260718_132242.json	61527	1784398963411114443	f636139b5052cefb298fd18421a356657b868dd421f510340e0f26c0299378b0
eg4/evidence/20260718_132242/energy_info_44830P0125_20260718_132242.json	1576	1784398963269121280	6ae5a2d533a6fa9a20a916568d937f6229f6f94b0019527ea8b7fd8cc3f9d2c6
eg4/evidence/20260718_132242/login_metadata.json	320	1784398963041132260	58b08ceb6ecc6272808ee44d608e52901cd615771f09c4576fcf2eca3eeacc9d
eg4/evidence/20260718_132242/month_column_44830P0125_20260718_132242.json	10486	1784398963520109193	6926fac9752c2bde9cacf0fbd8adaed6994e5d1b4a2c81def317b5f7eb16267b
eg4/evidence/20260718_132242/runtime_44830P0125_20260718_132242.json	1895	1784398963157126674	1f4c6928b12d5d6c06a0b11b27078c84ba786bcfcf705a0f23bafbeb66a2b783
eg4/evidence/20260718_133744/day_multiline_44830P0125_20260718_133744.json	62461	1784399865251555013	bdc85db583d1631dca59bcd785d2017a6c03937fbe233119926856c5298274e9
eg4/evidence/20260718_133744/energy_info_44830P0125_20260718_133744.json	1578	1784399865139560428	8bb10d0930c9e95b10c4c0e32e83d764acab5787aff223a2dc12b4e1169176b8
eg4/evidence/20260718_133744/login_metadata.json	320	1784399864936570244	58b08ceb6ecc6272808ee44d608e52901cd615771f09c4576fcf2eca3eeacc9d
eg4/evidence/20260718_133744/month_column_44830P0125_20260718_133744.json	10486	1784399865348550325	6926fac9752c2bde9cacf0fbd8adaed6994e5d1b4a2c81def317b5f7eb16267b
eg4/evidence/20260718_133744/runtime_44830P0125_20260718_133744.json	1896	1784399865039565265	d0c577909b0fe507a5317468f9e12e0dd9f43c518f44c3b5cbd766fdf71419d5
eg4/evidence/20260718_135245/day_multiline_44830P0125_20260718_135245.json	63706	1784400766670981632	bfb5970a48568948617af4688e24c0ee0a76a4e9e6585132e928dffd8263dcb9
eg4/evidence/20260718_135245/energy_info_44830P0125_20260718_135245.json	1578	1784400766572986369	8078cdc8df1e9d83407ca2c9003c48c38a46b212594ebc5bb3fb8b02df813098
eg4/evidence/20260718_135245/login_metadata.json	320	1784400766377995793	58b08ceb6ecc6272808ee44d608e52901cd615771f09c4576fcf2eca3eeacc9d
eg4/evidence/20260718_135245/month_column_44830P0125_20260718_135245.json	10486	1784400766747977911	992b9a528a698ea3acf88495aa9d0de3be46d77dbf6da3cd04723ec6a3655700
eg4/evidence/20260718_135245/runtime_44830P0125_20260718_135245.json	1897	1784400766468991394	fd103eb29b548ff700c1494f30b3278dfae0d76af0a07e1a20a25b961f5550d5
eg4/evidence/20260718_140747/day_multiline_44830P0125_20260718_140747.json	64947	1784401668442451346	ba3f11f34892465a83af512cc2dd8149e2af005e59686b67f7c2bc6c475a9843
eg4/evidence/20260718_140747/energy_info_44830P0125_20260718_140747.json	1580	1784401668258460213	9522a0955ab676270059d9c8788d58fa410025cd45f4e12e79af1892cd21cea1
eg4/evidence/20260718_140747/login_metadata.json	320	1784401668025471443	58b08ceb6ecc6272808ee44d608e52901cd615771f09c4576fcf2eca3eeacc9d
eg4/evidence/20260718_140747/month_column_44830P0125_20260718_140747.json	10486	1784401668610443249	9aba0ce72bdbad4f4df11c46fe99c3b1d3737de71a9ba294dea1aa51db8b38f5
eg4/evidence/20260718_140747/runtime_44830P0125_20260718_140747.json	1896	1784401668153465274	af2bc1dfd09d8694616785fbc00bdb3c4dc3434bb8e42f0097c0f0f78fb0ba8e
eg4/evidence/20260718_142249/day_multiline_44830P0125_20260718_142249.json	65882	1784402570577786956	48aaeb4775c32533bae09d3a35c9c143d0d98de7824759de8455d174959991e4
eg4/evidence/20260718_142249/energy_info_44830P0125_20260718_142249.json	1578	1784402570440793648	b21eb2a4d93a1b5fd3729f6df5f23627550e4594a601ca28ffdd3646217f3701
eg4/evidence/20260718_142249/login_metadata.json	320	1784402570150807814	58b08ceb6ecc6272808ee44d608e52901cd615771f09c4576fcf2eca3eeacc9d
eg4/evidence/20260718_142249/month_column_44830P0125_20260718_142249.json	10486	1784402570712780361	9aba0ce72bdbad4f4df11c46fe99c3b1d3737de71a9ba294dea1aa51db8b38f5
eg4/evidence/20260718_142249/runtime_44830P0125_20260718_142249.json	1897	1784402570288801074	8e283157146ab97e87fc3bd4bc11c31965c37de9eb2c170d02e33b2b2a0f7a1b
eg4/evidence/20260718_143751/day_multiline_44830P0125_20260718_143751.json	67121	1784403472176828299	0372ec1b23e6dd744a6bea8dde1ba0a7ec40625414162d7dd34de768cf5e63a9
eg4/evidence/20260718_143751/energy_info_44830P0125_20260718_143751.json	1582	1784403472072833323	5c28d086c7b37b77c4c8fe9551bea082aed433b8349d75c138be63e390f1a376
eg4/evidence/20260718_143751/login_metadata.json	320	1784403471893841973	58b08ceb6ecc6272808ee44d608e52901cd615771f09c4576fcf2eca3eeacc9d
eg4/evidence/20260718_143751/month_column_44830P0125_20260718_143751.json	10487	1784403472280823276	dc208ca3fa5e9872fbd319cda22e877b3db40141a0d14507c4dad9f505fc33b7
eg4/evidence/20260718_143751/runtime_44830P0125_20260718_143751.json	1886	1784403471992837190	5ab272621a7bc1235d9c822b4e7c8b5083afb57de3400f74bf48f9551c47fec5
eg4/evidence/20260718_145252/day_multiline_44830P0125_20260718_145252.json	68350	1784404373975259384	865aaa1412a1d40b61107ff6d43c5643ee07a14d4c1384bd2acae33f539a1472
eg4/evidence/20260718_145252/energy_info_44830P0125_20260718_145252.json	1580	1784404373848265491	ab83aca5f7b749939f16bd823c5da7ca5f7e23d7b617604845c32ab62e0fb1c3
eg4/evidence/20260718_145252/login_metadata.json	320	1784404373617276605	58b08ceb6ecc6272808ee44d608e52901cd615771f09c4576fcf2eca3eeacc9d
eg4/evidence/20260718_145252/month_column_44830P0125_20260718_145252.json	10487	1784404374081254281	b2982eac4bfbbb0fc99cd534efe6c452598e4eb5f9f518487ff45946aa7085e1
eg4/evidence/20260718_145252/runtime_44830P0125_20260718_145252.json	1888	1784404373736270880	5b577c011c263697f7536fe64ba55973f5628ed51eb57a9cf8a64013ca943cff
eg4/evidence/20260718_150754/day_multiline_44830P0125_20260718_150754.json	69585	1784405276042856525	19022c5fcd8d6d2b4434317c0f83728af97b8f351d6c6c6b5b1575ccc2e9cc91
eg4/evidence/20260718_150754/energy_info_44830P0125_20260718_150754.json	1580	1784405275918862492	974b22bc02936accc1850f0e9fa51aebe5d0c4708bb54bb40fac6a96876e44b7
eg4/evidence/20260718_150754/login_metadata.json	320	1784405275694873269	58b08ceb6ecc6272808ee44d608e52901cd615771f09c4576fcf2eca3eeacc9d
eg4/evidence/20260718_150754/month_column_44830P0125_20260718_150754.json	10487	1784405276176850079	dc208ca3fa5e9872fbd319cda22e877b3db40141a0d14507c4dad9f505fc33b7
eg4/evidence/20260718_150754/runtime_44830P0125_20260718_150754.json	1897	1784405275802868074	04a71bab902d11b71835b549664375c85ec8ac1498fafbde83175e9177a491de
eg4/evidence/20260718_152256/day_multiline_44830P0125_20260718_152256.json	70510	1784406177815412781	e9c0218d50287876a2fe9f14c26ab843fd753c5452008ceaff8ff4ae64b44a20
eg4/evidence/20260718_152256/energy_info_44830P0125_20260718_152256.json	1582	1784406177707417985	41f2cf68e6445c3f718f0bbf8c36ba1597c0e0b172835f5aa995a7f921cb40f5
eg4/evidence/20260718_152256/login_metadata.json	320	1784406177517427141	58b08ceb6ecc6272808ee44d608e52901cd615771f09c4576fcf2eca3eeacc9d
eg4/evidence/20260718_152256/month_column_44830P0125_20260718_152256.json	10488	1784406177949406324	87dad2f0fece4d82c2bad55ddb47bc8e269a8ffdc230ce41ced97aad9c4ecfd3
eg4/evidence/20260718_152256/runtime_44830P0125_20260718_152256.json	1894	1784406177611422611	e0eacdfa68210dd3fad2e8f6786d2efe81a6685df5899e65b78e530d92f91ecf
eg4/evidence/20260718_153758/day_multiline_44830P0125_20260718_153758.json	71749	1784407079667952795	3c0e2348df02df086997708ce8aa3006cf1018038526719af4bf478374a76d9a
eg4/evidence/20260718_153758/energy_info_44830P0125_20260718_153758.json	1584	1784407079582956891	d679f905e28239759149a2896a502608ae9e6b47a5381e050afc64c64f664da4
eg4/evidence/20260718_153758/login_metadata.json	320	1784407079397965803	58b08ceb6ecc6272808ee44d608e52901cd615771f09c4576fcf2eca3eeacc9d
eg4/evidence/20260718_153758/month_column_44830P0125_20260718_153758.json	10487	1784407079753948650	b2982eac4bfbbb0fc99cd534efe6c452598e4eb5f9f518487ff45946aa7085e1
eg4/evidence/20260718_153758/runtime_44830P0125_20260718_153758.json	1897	1784407079492961228	cb6e242d5ea39f2dcb2795ce5aa0350c036f74fc5d86e1851b22a6358da1441b
eg4/evidence/20260718_155300/day_multiline_44830P0125_20260718_155300.json	72989	1784407981189527703	71f485e8d6e7d04f43ed0b141d6877efbdbf57b5e30d347cd96703572268957e
eg4/evidence/20260718_155300/energy_info_44830P0125_20260718_155300.json	1584	1784407981081532904	dcde72321931370f270c576688950e4cbe4f4c55dbd8e527996328b4589c3ad8
eg4/evidence/20260718_155300/login_metadata.json	320	1784407980878542678	58b08ceb6ecc6272808ee44d608e52901cd615771f09c4576fcf2eca3eeacc9d
eg4/evidence/20260718_155300/month_column_44830P0125_20260718_155300.json	10488	1784407981290522840	87dad2f0fece4d82c2bad55ddb47bc8e269a8ffdc230ce41ced97aad9c4ecfd3
eg4/evidence/20260718_155300/runtime_44830P0125_20260718_155300.json	1897	1784407980996536997	8d79bb6c5a1e1cd6a52dbc5d106dc0351f95f6c7dfd48e6e737527cb1080cc92
eg4/evidence/20260718_160801/day_multiline_44830P0125_20260718_160801.json	74233	1784408882728130428	dd9a6c662adc21980fc7b8927671c6cfcce8ea3b78307f3ac58d2d84bc918d54
eg4/evidence/20260718_160801/energy_info_44830P0125_20260718_160801.json	1584	1784408882629135191	4d6e24b283838aa9bbfea008604d85a9e1dc9f1cb39cccee024aed493a655eb4
eg4/evidence/20260718_160801/login_metadata.json	320	1784408882443144139	58b08ceb6ecc6272808ee44d608e52901cd615771f09c4576fcf2eca3eeacc9d
eg4/evidence/20260718_160801/month_column_44830P0125_20260718_160801.json	10488	1784408882821125952	87dad2f0fece4d82c2bad55ddb47bc8e269a8ffdc230ce41ced97aad9c4ecfd3
eg4/evidence/20260718_160801/runtime_44830P0125_20260718_160801.json	1898	1784408882538139568	3444192d4d9e65eb73f254cd602f59d93d3e3d457ec37124fb7d7043c2f47de2
eg4/evidence/20260718_162303/day_multiline_44830P0125_20260718_162303.json	75161	1784409784317746636	606516062a17ef1c4a7d8603a8f7ad9a98f49e9c2eff369f0cc4833f47f8d9b7
eg4/evidence/20260718_162303/energy_info_44830P0125_20260718_162303.json	1582	1784409784189752796	4c35d97d94f5987fd7adeec50eed3a71fc06a209e5ebb97b3d66c05d53d6ff39
eg4/evidence/20260718_162303/login_metadata.json	320	1784409783971763286	58b08ceb6ecc6272808ee44d608e52901cd615771f09c4576fcf2eca3eeacc9d
eg4/evidence/20260718_162303/month_column_44830P0125_20260718_162303.json	10488	1784409784431741151	d1a3a07a7f8b2d2ecb4479e203443f4b37458d94246838b628719a8c1b2e93d6
eg4/evidence/20260718_162303/runtime_44830P0125_20260718_162303.json	1887	1784409784083757898	428d55d29aaca61b111f3635fc3ecbd88e206e8318a9d81632b761ba22639fce
eg4/evidence/20260718_163805/day_multiline_44830P0125_20260718_163805.json	76397	1784410686396319802	cdb6331900f3e2ad41d0748f1837d51f6e3ba08f9a13762ad121b6d421fff9c5
eg4/evidence/20260718_163805/energy_info_44830P0125_20260718_163805.json	1580	1784410686236327522	41c483e2f26402a19d58dd66fb0cf5b0c2eb70aab8d61cc06d3b91832668f356
eg4/evidence/20260718_163805/login_metadata.json	320	1784410686013338280	58b08ceb6ecc6272808ee44d608e52901cd615771f09c4576fcf2eca3eeacc9d
eg4/evidence/20260718_163805/month_column_44830P0125_20260718_163805.json	10488	1784410686509314350	1691799d36f256bd5a1a6b337f1a6bfc222a4f31d1d4f1fac4d21dfbe4585658
eg4/evidence/20260718_163805/runtime_44830P0125_20260718_163805.json	1897	1784410686119333166	15da37752ff09debaf60c24a3f70a74d2bc9fc022c37becf04b6fc3a022da19d
eg4/evidence/20260718_165307/day_multiline_44830P0125_20260718_165307.json	77640	1784411588377800662	ad7776b610cfbe9d3c8c78eaf1f73dd48679c6c221eae6fd0de7986d0318507d
eg4/evidence/20260718_165307/energy_info_44830P0125_20260718_165307.json	1582	1784411588244807093	de097a33b5bd6d81403e74ea58ca049005eb359eca4d7243a7c20865ca2e5330
eg4/evidence/20260718_165307/login_metadata.json	320	1784411587996819086	58b08ceb6ecc6272808ee44d608e52901cd615771f09c4576fcf2eca3eeacc9d
eg4/evidence/20260718_165307/month_column_44830P0125_20260718_165307.json	10488	1784411588490795198	d1a3a07a7f8b2d2ecb4479e203443f4b37458d94246838b628719a8c1b2e93d6
eg4/evidence/20260718_165307/runtime_44830P0125_20260718_165307.json	1895	1784411588127812751	4f3f9890cf2b79f105785f967ccef760c71b09cc5ff4f835cf27d5c3356beef5
eg4/evidence/20260718_170809/day_multiline_44830P0125_20260718_170809.json	78875	1784412490316177233	b84ea4789abd3cd8092f366a437212e518d3ed53417eb644ec46aacf650be3c9
eg4/evidence/20260718_170809/energy_info_44830P0125_20260718_170809.json	1580	1784412490157184924	a0fb17ba8ed046bbd32122f0d20870eae7afe1ebbf99257a5bc0cbab13d5bdd7
eg4/evidence/20260718_170809/login_metadata.json	320	1784412489955194693	58b08ceb6ecc6272808ee44d608e52901cd615771f09c4576fcf2eca3eeacc9d
eg4/evidence/20260718_170809/month_column_44830P0125_20260718_170809.json	10488	1784412490446170946	228a7fa2800d8aaf8d3794665c10fba0ead3193654e01662f25b1c760c133b7c
eg4/evidence/20260718_170809/runtime_44830P0125_20260718_170809.json	1884	1784412490056189807	af994d370b9d553169e3d3ff4ad58b5d31163ddb1e8f8ea8bfb37aa2c7f6c78e
eg4/evidence/20260718_172311/day_multiline_44830P0125_20260718_172311.json	79804	1784413392236513962	98bed4013c8daed435d3547c41d779b81ae12247211322bd7568a95142d79a93
eg4/evidence/20260718_172311/energy_info_44830P0125_20260718_172311.json	1584	1784413392142518512	d1a9839eaeebeba76f8c05eb5778d6e68314fa1035c1a8245f1a5b88312ff4d5
eg4/evidence/20260718_172311/login_metadata.json	320	1784413391853532505	58b08ceb6ecc6272808ee44d608e52901cd615771f09c4576fcf2eca3eeacc9d
eg4/evidence/20260718_172311/month_column_44830P0125_20260718_172311.json	10488	1784413392319509943	1691799d36f256bd5a1a6b337f1a6bfc222a4f31d1d4f1fac4d21dfbe4585658
eg4/evidence/20260718_172311/runtime_44830P0125_20260718_172311.json	1894	1784413391954527612	d2d83614b59da7a37e67e8e5395f98229ae2e42cd9aad708a4ba71e8de9227e1
eg4/evidence/20260718_173812/day_multiline_44830P0125_20260718_173812.json	81040	1784414293644931919	8866f3d8182cda70c8ba504c6f31b09aa33666baf494c4ef309e2a36cacfa3a2
eg4/evidence/20260718_173812/energy_info_44830P0125_20260718_173812.json	1584	1784414293519937959	c2d2462e1d1f6a9cb1b51688e6ccfeaa15568ca219a10298f639de67d7924c2c
eg4/evidence/20260718_173812/login_metadata.json	320	1784414293356945835	58b08ceb6ecc6272808ee44d608e52901cd615771f09c4576fcf2eca3eeacc9d
eg4/evidence/20260718_173812/month_column_44830P0125_20260718_173812.json	10488	1784414293743927135	ee4550c79b587b9fbadc5a691bea68ea93dc039368084134141d60db58b785f3
eg4/evidence/20260718_173812/runtime_44830P0125_20260718_173812.json	1894	1784414293439941825	024d0d3b49bf87e2e651161cce33ef5418baae293ead4d73c8d84d976649d519
eg4/evidence/20260718_175314/day_multiline_44830P0125_20260718_175314.json	82279	1784415195540384848	554a01e865f21e63fedc68cfbc174c23c0f43d396d59ee9916f74c2f639d6646
eg4/evidence/20260718_175314/energy_info_44830P0125_20260718_175314.json	1584	1784415195326395173	5cc895f42a3c197d86ca4af1959340045d90622868459944c92cc71d583f3bdf
eg4/evidence/20260718_175314/login_metadata.json	320	1784415195039409022	58b08ceb6ecc6272808ee44d608e52901cd615771f09c4576fcf2eca3eeacc9d
eg4/evidence/20260718_175314/month_column_44830P0125_20260718_175314.json	10488	1784415195663378912	ee4550c79b587b9fbadc5a691bea68ea93dc039368084134141d60db58b785f3
eg4/evidence/20260718_175314/runtime_44830P0125_20260718_175314.json	1897	1784415195175402459	e6c2af56f64b5b326b64826eec328ba08751636db40eabbc39e2f385b39d7e56
eg4/evidence/20260718_180816/day_multiline_44830P0125_20260718_180816.json	83517	1784416097261889103	edda1240f69345642cd6e42f13e3e9f61cf0c9505dace0163c023f7530b5ce8f
eg4/evidence/20260718_180816/energy_info_44830P0125_20260718_180816.json	1582	1784416097155894213	77489d49aff653f8ae1c848cc24bc794d59002e069796e575f49a5fe9d25382e
eg4/evidence/20260718_180816/login_metadata.json	320	1784416096969903180	58b08ceb6ecc6272808ee44d608e52901cd615771f09c4576fcf2eca3eeacc9d
eg4/evidence/20260718_180816/month_column_44830P0125_20260718_180816.json	10488	1784416097358884427	7e2cbd4f7f6d9ee45007fa03f5d0612eaac908549377832493167cd7ec1a237f
eg4/evidence/20260718_180816/runtime_44830P0125_20260718_180816.json	1897	1784416097075898069	c224295afb26014022298149e3cd0793796691e311d35ed57d2d051db784ec23
eg4/evidence/20260718_182317/day_multiline_44830P0125_20260718_182317.json	84446	1784416998590447117	fd82fddbea4c56bb79d9ea8cd55b45902e74b7f8e144dd7412fcf94a49ce4163
eg4/evidence/20260718_182317/energy_info_44830P0125_20260718_182317.json	1584	1784416998485452174	628f75c70178f78341dfa18945dd916d66ab3a39a909b41aa3cc382720e639c2
eg4/evidence/20260718_182317/login_metadata.json	320	1784416998317460265	58b08ceb6ecc6272808ee44d608e52901cd615771f09c4576fcf2eca3eeacc9d
eg4/evidence/20260718_182317/month_column_44830P0125_20260718_182317.json	10488	1784416998685442542	4738fc8263295cbfd3eb50eae031299e6683a0dd77b500a436df0b915febab14
eg4/evidence/20260718_182317/runtime_44830P0125_20260718_182317.json	1897	1784416998409455834	05165dab1a3753f7b56b5d52336f010049616d08b0fe2b7bae3262f2a9a80209
eg4/evidence/20260718_183819/day_multiline_44830P0125_20260718_183819.json	85685	1784417900458009493	88ab85cf5d65f42a7bbff5e7412da5f25c6cd5f833bbca087cc2dc7b5d203192
eg4/evidence/20260718_183819/energy_info_44830P0125_20260718_183819.json	1584	1784417900293017440	33b684972500aa7eab1f756a970f24a84a15732eba4aaf33f293986de6772039
eg4/evidence/20260718_183819/login_metadata.json	320	1784417900053028999	58b08ceb6ecc6272808ee44d608e52901cd615771f09c4576fcf2eca3eeacc9d
eg4/evidence/20260718_183819/month_column_44830P0125_20260718_183819.json	10488	1784417900564004387	7e2cbd4f7f6d9ee45007fa03f5d0612eaac908549377832493167cd7ec1a237f
eg4/evidence/20260718_183819/runtime_44830P0125_20260718_183819.json	1896	1784417900175023123	21186ef76dc021bb8bb8b4cf505c5d12ea7d2143f7e2ce4c8cac590ed0748483
eg4/evidence/20260718_185321/day_multiline_44830P0125_20260718_185321.json	86915	1784418802496562221	088e8ae994a77fc459d8dbb9516a219d79b8a5fefae1cbeb1020c1ae064f91f8
eg4/evidence/20260718_185321/energy_info_44830P0125_20260718_185321.json	1580	1784418802362568676	a7400b33d69ce5884051a54866a8cbfede206e002a6aa7ecb67bf2a065b9c7d3
eg4/evidence/20260718_185321/login_metadata.json	320	1784418802124580138	58b08ceb6ecc6272808ee44d608e52901cd615771f09c4576fcf2eca3eeacc9d
eg4/evidence/20260718_185321/month_column_44830P0125_20260718_185321.json	10488	1784418802624556057	4738fc8263295cbfd3eb50eae031299e6683a0dd77b500a436df0b915febab14
eg4/evidence/20260718_185321/runtime_44830P0125_20260718_185321.json	1896	1784418802235574792	744d0460598d1ffd3b559f3645f5121821769bf58ce4da06edcd7ad59edf8347
eg4/evidence/20260718_190823/day_multiline_44830P0125_20260718_190823.json	88144	1784419704180100451	920228859de656b67b9d2b2d459c75db8d7636b0910c67198122e1092e752a3a
eg4/evidence/20260718_190823/energy_info_44830P0125_20260718_190823.json	1584	1784419704095104547	9dcfff7550b1576c3858eea45ba7c698b883a7753632b131e03cda58526abd61
eg4/evidence/20260718_190823/login_metadata.json	320	1784419703908113560	58b08ceb6ecc6272808ee44d608e52901cd615771f09c4576fcf2eca3eeacc9d
eg4/evidence/20260718_190823/month_column_44830P0125_20260718_190823.json	10488	1784419704292095051	1b24ba6afd5696447b1aa9811710f4869e6e3e92d84db49e49bfe41455911e34
eg4/evidence/20260718_190823/runtime_44830P0125_20260718_190823.json	1894	1784419704004108934	c40655b4383a1acf109eea00b245c94a80c9a60165aeb3bbc900bb2c6d18a650
eg4/evidence/20260718_192324/day_multiline_44830P0125_20260718_192324.json	89070	1784420605636665133	755dbf4e66a65ce088545f8bf1f4c06dd528ce4ab821f0969179d2a7032b599f
eg4/evidence/20260718_192324/energy_info_44830P0125_20260718_192324.json	1584	1784420605531670192	86109d6c63304e151213a8efddaa2dbce23d8942140ed8750001ea07327baadc
eg4/evidence/20260718_192324/login_metadata.json	320	1784420605372677852	58b08ceb6ecc6272808ee44d608e52901cd615771f09c4576fcf2eca3eeacc9d
eg4/evidence/20260718_192324/month_column_44830P0125_20260718_192324.json	10488	1784420605743659977	e16406bd3f1e9180f2daad056e27b80477cffe6ddaf4e8145ed65bda4f6ffa84
eg4/evidence/20260718_192324/runtime_44830P0125_20260718_192324.json	1893	1784420605447674239	328c2b769d293c71a478f0a38aec6287678d569bb21e887278a99477be5a1035
eg4/evidence/20260718_193826/day_multiline_44830P0125_20260718_193826.json	90306	1784421507256213057	d12408b38cc3471847239d2ac859d4703f164ba310e6564249059e861551c382
eg4/evidence/20260718_193826/energy_info_44830P0125_20260718_193826.json	1583	1784421507144218455	6b45015fbd48d31907d58fa8e73e45b37c9fa228f46b04f74fc964e6d186da3f
eg4/evidence/20260718_193826/login_metadata.json	320	1784421506946227998	58b08ceb6ecc6272808ee44d608e52901cd615771f09c4576fcf2eca3eeacc9d
eg4/evidence/20260718_193826/month_column_44830P0125_20260718_193826.json	10488	1784421507362207948	6636a40a5e9fe90df2c0c3dc09c2444db089df4a2ea0172032d237e3d6a64bc3
eg4/evidence/20260718_193826/runtime_44830P0125_20260718_193826.json	1894	1784421507048223082	06dd598bc8c1a045af6173ca6d9c8fe132f82c64baad51602f18eb50b6b4db3b
eg4/evidence/20260718_195327/day_multiline_44830P0125_20260718_195327.json	91538	1784422409088733434	9c39c19b74af9d293466f8f14f7179395dce98ae9a78b20e67f83b55bafe9f38
eg4/evidence/20260718_195327/energy_info_44830P0125_20260718_195327.json	1583	1784422408939740619	593b886e6aa34ad5e540ca8c63a3ee9cc8a48c4ac792cd4c0cdeb6d5ea4a169e
eg4/evidence/20260718_195327/login_metadata.json	320	1784422408668753686	58b08ceb6ecc6272808ee44d608e52901cd615771f09c4576fcf2eca3eeacc9d
eg4/evidence/20260718_195327/month_column_44830P0125_20260718_195327.json	10488	1784422409216727264	1b24ba6afd5696447b1aa9811710f4869e6e3e92d84db49e49bfe41455911e34
eg4/evidence/20260718_195327/runtime_44830P0125_20260718_195327.json	1887	1784422408815746599	4ec7e8690610060a4a73dc85c252d52af1f2bd6fc3d4488e7209fc11bd282cbf
eg4/evidence/20260718_200829/day_multiline_44830P0125_20260718_200829.json	92766	1784423310769228001	5eb7a61c837d564b96e95a970e8cef4b69c7cb9dd5dd7cc9afd39a43a4c7bb3e
eg4/evidence/20260718_200829/energy_info_44830P0125_20260718_200829.json	1583	1784423310651233698	634409cc24f46d5d4fd6efbb940f003284098e543d57c34d1e935808579f7e46
eg4/evidence/20260718_200829/login_metadata.json	320	1784423310455243162	58b08ceb6ecc6272808ee44d608e52901cd615771f09c4576fcf2eca3eeacc9d
eg4/evidence/20260718_200829/month_column_44830P0125_20260718_200829.json	10488	1784423310864223412	6636a40a5e9fe90df2c0c3dc09c2444db089df4a2ea0172032d237e3d6a64bc3
eg4/evidence/20260718_200829/runtime_44830P0125_20260718_200829.json	1887	1784423310559238140	ef8734706aa135af993c4a108430a0c65c8e748d0393e032bba429f05389dbdf
eg4/evidence/20260718_202331/day_multiline_44830P0125_20260718_202331.json	93690	1784424212137668379	540a290bfe8e2b285de31cbf00633051528cde004cd71f9b97eed83ca14af42e
eg4/evidence/20260718_202331/energy_info_44830P0125_20260718_202331.json	1583	1784424212034673368	e18839e9072ca408384f91bd51a8879b88474febab0d70cf9aa3dd7bc2ce34ad
eg4/evidence/20260718_202331/login_metadata.json	320	1784424211862681698	58b08ceb6ecc6272808ee44d608e52901cd615771f09c4576fcf2eca3eeacc9d
eg4/evidence/20260718_202331/month_column_44830P0125_20260718_202331.json	10488	1784424212242663293	f0ebe17ed9cf767a3912c64cb41529227baf51a49548359b0cc8d68f5d5370bc
eg4/evidence/20260718_202331/runtime_44830P0125_20260718_202331.json	1887	1784424211946677630	24135b37040d3c76b3efec704ce4f295ac01c9b774e3571c973a78c622609586
eg4/evidence/20260718_203832/day_multiline_44830P0125_20260718_203832.json	94919	1784425113813011567	2b8bc3bd6c8a5598d8b52405a8a1a66d27a456615159a683dae1380e29ba1ea5
eg4/evidence/20260718_203832/energy_info_44830P0125_20260718_203832.json	1583	1784425113687017649	e4b3d947364bf10b772e705fd34f27059f847c964cbf6f9696a91129bc318022
eg4/evidence/20260718_203832/login_metadata.json	320	1784425113493027010	58b08ceb6ecc6272808ee44d608e52901cd615771f09c4576fcf2eca3eeacc9d
eg4/evidence/20260718_203832/month_column_44830P0125_20260718_203832.json	10488	1784425113920006404	aee99479bb11f0c92138e0e1bf3862bd99099fdf66e0a478b78a448ef613d5e3
eg4/evidence/20260718_203832/runtime_44830P0125_20260718_203832.json	1886	1784425113593022188	28e30b1a8b4239042c4a1d7442ae40303b2fdebf601532d35526e2c469ca6fdb
eg4/evidence/20260718_205334/day_multiline_44830P0125_20260718_205334.json	96151	1784426015155511192	88061efdb2bc4964fc13be0a7f8fa564a257aae167314accfe6baf6112da3b4f
eg4/evidence/20260718_205334/energy_info_44830P0125_20260718_205334.json	1581	1784426015049516305	6430e095bb3cbe51c52f301d6caf269727c277f8b3880948d969ae4d123e6d75
eg4/evidence/20260718_205334/login_metadata.json	320	1784426014866525139	58b08ceb6ecc6272808ee44d608e52901cd615771f09c4576fcf2eca3eeacc9d
eg4/evidence/20260718_205334/month_column_44830P0125_20260718_205334.json	10488	1784426015273505495	aee99479bb11f0c92138e0e1bf3862bd99099fdf66e0a478b78a448ef613d5e3
eg4/evidence/20260718_205334/runtime_44830P0125_20260718_205334.json	1887	1784426014953520938	8257cc4489668926844af99f163170f39a277795101448220f81abdc3497191f
eg4/evidence/20260718_210835/day_multiline_44830P0125_20260718_210835.json	97380	1784426916687068123	a0e6c5e8eda8ca1ba123ca221b76f6066f7dc792e9ee76739f5c7bb3de892d1d
eg4/evidence/20260718_210835/energy_info_44830P0125_20260718_210835.json	1583	1784426916581073230	678376d3eff5426825c6fbc80de01f9917b18a07c89b6fd6b0d4b6a0b244f9ef
eg4/evidence/20260718_210835/login_metadata.json	320	1784426916397082095	58b08ceb6ecc6272808ee44d608e52901cd615771f09c4576fcf2eca3eeacc9d
eg4/evidence/20260718_210835/month_column_44830P0125_20260718_210835.json	10488	1784426916781063594	aee99479bb11f0c92138e0e1bf3862bd99099fdf66e0a478b78a448ef613d5e3
eg4/evidence/20260718_210835/runtime_44830P0125_20260718_210835.json	1887	1784426916490077613	50ea1425b13e4a4b5f384e8ce978688098d2583fafe4774187f01616c7d8c03d
eg4/evidence/20260718_212337/day_multiline_44830P0125_20260718_212337.json	98304	1784427818155869019	5aa763374e05355b7d32761390422d5e9359d916992cb7700200740e4823a296
eg4/evidence/20260718_212337/energy_info_44830P0125_20260718_212337.json	1581	1784427818056873757	da9bb492245f0e39672aa438c26e4527ac2bc289cae46eb39d2ec391977c9e15
eg4/evidence/20260718_212337/login_metadata.json	320	1784427817889881749	58b08ceb6ecc6272808ee44d608e52901cd615771f09c4576fcf2eca3eeacc9d
eg4/evidence/20260718_212337/month_column_44830P0125_20260718_212337.json	10488	1784427818249864521	bde14656cbb9ad893919ef04293d9a135b70301ae94c1fa836ea5974e7e0a6c3
eg4/evidence/20260718_212337/runtime_44830P0125_20260718_212337.json	1887	1784427817977877538	65651866c425802e035c36714d5a774e2d8078facff786815933a3ce364ec506
eg4/evidence/20260718_213838/day_multiline_44830P0125_20260718_213838.json	99536	1784428719773612040	c11ce73f229f361120795ba942292420b4327fd9d81d370b9667e87403af1563
eg4/evidence/20260718_213838/energy_info_44830P0125_20260718_213838.json	1583	1784428719655617709	b165905e278e66ce38ec6fbad8b0ffb0745dbb719b94d56370c23cfcde3a488f
eg4/evidence/20260718_213838/login_metadata.json	320	1784428719453627409	58b08ceb6ecc6272808ee44d608e52901cd615771f09c4576fcf2eca3eeacc9d
eg4/evidence/20260718_213838/month_column_44830P0125_20260718_213838.json	10488	1784428719879606948	bde14656cbb9ad893919ef04293d9a135b70301ae94c1fa836ea5974e7e0a6c3
eg4/evidence/20260718_213838/runtime_44830P0125_20260718_213838.json	1887	1784428719565622029	c33d8e63571ade2c3b643bb8bf1f65c70e691262b41e52b3a24628c912d5c115
eg4/evidence/20260718_215340/day_multiline_44830P0125_20260718_215340.json	100766	1784429621240243300	a9f5ac511d62f27dcd014393f5c0601c72936549ea76d9d4ed2086eef13e8e1b
eg4/evidence/20260718_215340/energy_info_44830P0125_20260718_215340.json	1583	1784429621121249031	136a545dc2965638d8434d51d269e68955983e5bb2cbd2aba181a859ac35a1b6
eg4/evidence/20260718_215340/login_metadata.json	320	1784429620947257416	58b08ceb6ecc6272808ee44d608e52901cd615771f09c4576fcf2eca3eeacc9d
eg4/evidence/20260718_215340/month_column_44830P0125_20260718_215340.json	10488	1784429621328239058	bde14656cbb9ad893919ef04293d9a135b70301ae94c1fa836ea5974e7e0a6c3
eg4/evidence/20260718_215340/runtime_44830P0125_20260718_215340.json	1886	1784429621040252935	f69136f728bb5daf87ee3487927c2f4a8d6078d924ec1f98463ac92b32efd9fa
eg4/evidence/20260718_220841/day_multiline_44830P0125_20260718_220841.json	101686	1784430522854784459	91111214111aad5933f0b748b57a9aab65352ad7f543ec48080a50e5c048f3ed
eg4/evidence/20260718_220841/energy_info_44830P0125_20260718_220841.json	1583	1784430522724790729	02b0ba9f7936a43e72cd06f7cb9d2a4f893b4d98e859a1be09503feea89e2963
eg4/evidence/20260718_220841/login_metadata.json	320	1784430522528800183	58b08ceb6ecc6272808ee44d608e52901cd615771f09c4576fcf2eca3eeacc9d
eg4/evidence/20260718_220841/month_column_44830P0125_20260718_220841.json	10488	1784430522950779828	05b9e865b1cb5a86b2e02a688f4f5bb047dd00b0473fcbb2d0003c0835febc91
eg4/evidence/20260718_220841/runtime_44830P0125_20260718_220841.json	1888	1784430522639794830	38649ad34d825133d6fee95f67bd9f57b2dcf4832918f15ba75ce413940363ba
eg4/evidence/20260718_222343/day_multiline_44830P0125_20260718_222343.json	102917	1784431424219286859	1e627e200010864a689c3e53dafc95bfda7c7ec9c6beeaefdb083b4cea2c3fd7
eg4/evidence/20260718_222343/energy_info_44830P0125_20260718_222343.json	1583	1784431424116291837	96489929fa24e9f8e77ba9e34ed3a9dcf3e17caf5fd3a553a6f60d7bafcaed5f
eg4/evidence/20260718_222343/login_metadata.json	320	1784431423933300682	58b08ceb6ecc6272808ee44d608e52901cd615771f09c4576fcf2eca3eeacc9d
eg4/evidence/20260718_222343/month_column_44830P0125_20260718_222343.json	10488	1784431424324281784	5a119427a0862a04998d40964d954ff962b4a8def2057738a0405ee06bb85c3f
eg4/evidence/20260718_222343/runtime_44830P0125_20260718_222343.json	1887	1784431424024296284	a8dae4a6079a19c10b9f9c64ee40f96f00ce915f62508ff2b2007bcb5b2be2e8
eg4/reports/ac_couple_daily_samples.csv	15018	1784431424358280141	8fbac3f4f24bdb1a22172cf6a90a839ed845bd8e10c7d24d819c43abb5ab63df
eg4/reports/analysis_summary.txt	318	1784431424359280093	dc027440952d43bab6dc327a59af3027658541d8794f2acfaa1f39b2dd96f601
eg4/reports/day_multiline_samples.csv	104563	1784431424353280383	68087c0d4ee50eb13f4159107c767d432074c90d84e348c9452131c0bcfd0dab
eg4/reports/energy_snapshots.csv	148968	1784431424344280818	9786a6c60c9038bbaa5dd82c86e0ae64966eb2217dc9ba403661015cbe2bb5f8
eg4/reports/month_energy_days.csv	11093	1784431424354280334	de6f7250f5725d6ac9e805d8a0615470ff6d923d56eb405e3baaa0e129fe74e5
eg4/reports/runtime_snapshots.csv	174198	1784431424339281059	3dca9363aa960ccfda5bb46481fbaaebc64bb9be7c4122803a8d72df7ef0a5e0
eg4/reports/set_records.csv	101	1784431424355280286	1a57395ac826d1a3ffa878b4bd032dc8209a01aba8ceeff411b33ab5924a9e6e
esp32/collector.log	49	1784432183015612042	c8f8384f4851336ddaaa421c1c26e256531fa82f451f6ed3bec2038ee3c03edb
esp32/esp32_sse_20260718_062127Z.ndjson	275220446	1784432180722722866	a3e720b1027ecf2927f1d98cf6cc113faebfc560cea5e7a6dadbd3b40d90122b
esp32/esp32_sse_20260718_062127Z_manifest.ndjson	530	1784355687878681496	a67183c081dc8825afdcdf42a9593fb76e225d8c622fcfb8e5d26460ba918800
esp32/esp32_sse_20260718_062127Z_retained.ndjson	266259706	1784432180722722866	9e288bd184154cc6aa90823a5a6075260250fac03e89d3a43ee4b76149e8be5c
esp32/esp32_sse_20260718_062127Z_retained_esp32-conservative-v1.ndjson	63972840	1784432174673015267	c81a3841291f91c6f32436bc05a88d3155debfb249c7776795c8ae650a9e8aa7
solarassistant/collector.log	49	1784432183015612042	c8f8384f4851336ddaaa421c1c26e256531fa82f451f6ed3bec2038ee3c03edb
solarassistant/solarassistant_20260718_062127Z.ndjson	70969608	1784432171335176595	e4c1b1bbb3e288f139dc3bb9979f17adf59493851e347b588b950176f3d76e4e
solarassistant/solarassistant_20260718_062127Z_retained.ndjson	1556735	1784432171334176643	aa6e87f22d9d79b2ad9bf29d3367552ac399e956bd2c26acc8d18ec9ffaf2048
